X1,Y1,X2,Y2,Subpoints_origin,Subpoints_destiny,Distance,Duration,Elevation
4.8181639286600095,-75.7121980177542,4.78707828835942,-75.6771166420859,"[4.8182108, -75.712193]","[4.81826, -75.71312]",104.0,30.0,4.7481482905749095
,,,,"[4.81826, -75.71312]","[4.817558, -75.713149]",78.0,18.0,16.49740679405987
,,,,"[4.817558, -75.713149]","[4.81744, -75.71086]",255.0,76.0,3.065512391115533
,,,,"[4.81744, -75.71086]","[4.814929999999999, -75.71115]",281.0,94.0,0.54501294462033
,,,,"[4.814929999999999, -75.71115]","[4.8147373, -75.7094558]",189.0,36.0,1.4802236203521877
,,,,"[4.8147373, -75.7094558]","[4.8139151, -75.709561]",92.0,16.0,2.222911250861342
,,,,"[4.8139151, -75.709561]","[4.8128337, -75.70037959999999]",1024.0,187.0,0.730780597400076
,,,,"[4.8128337, -75.70037959999999]","[4.8111219, -75.700566]",192.0,59.0,1.8121739558132484
,,,,"[4.8111219, -75.700566]","[4.8094032, -75.7002811]",201.0,26.0,2.3505323400027045
,,,,"[4.8094032, -75.7002811]","[4.805702999999999, -75.691228]",1206.0,133.0,1.0457317788565903
,,,,"[4.805702999999999, -75.691228]","[4.804917, -75.6912055]",91.0,17.0,2.4032401953295484
,,,,"[4.804917, -75.6912055]","[4.7948903, -75.69225349999999]",1124.0,214.0,2.5601157353653874
,,,,"[4.7948903, -75.69225349999999]","[4.7942885, -75.6919673]",76.0,12.0,4.462670778815809
,,,,"[4.7942885, -75.6919673]","[4.792322299999999, -75.6904047]",295.0,51.0,0.9745060448130978
,,,,"[4.792322299999999, -75.6904047]","[4.7905853, -75.6853783]",887.0,136.0,0.4107912204749483
,,,,"[4.7905853, -75.6853783]","[4.785232, -75.68532540000001]",1940.0,379.0,0.42234946208061264
,,,,"[4.785232, -75.68532540000001]","[4.7865046, -75.6787521]",883.0,227.0,3.769456208393216
4.81083099244678,-75.6903896143237,4.78977411000629,-75.6625340022023,"[4.810820800000001, -75.6903979]","[4.810732, -75.689539]",96.0,21.0,2.4153745189067384
,,,,"[4.810732, -75.689539]","[4.811591099999999, -75.68943019999999]",96.0,25.0,1.8547105641421193
,,,,"[4.811591099999999, -75.68943019999999]","[4.8105074, -75.6802407]",1025.0,175.0,1.193844953320759
,,,,"[4.8105074, -75.6802407]","[4.8077495, -75.6738659]",782.0,126.0,0.5330756929429087
,,,,"[4.8077495, -75.6738659]","[4.8032096, -75.66833319999999]",811.0,110.0,4.531886437478912
,,,,"[4.8032096, -75.66833319999999]","[4.802905, -75.668426]",35.0,9.0,4.157763846671647
,,,,"[4.802905, -75.668426]","[4.802201, -75.66699600000001]",177.0,44.0,2.7553060365287596
,,,,"[4.802201, -75.66699600000001]","[4.8000429, -75.667611]",252.0,60.0,2.0686986573631616
,,,,"[4.8000429, -75.667611]","[4.799696099999999, -75.6670594]",72.0,16.0,2.892802402049998
,,,,"[4.799696099999999, -75.6670594]","[4.7992629, -75.6672743]",54.0,14.0,5.734850717700163
,,,,"[4.7992629, -75.6672743]","[4.7903264, -75.6627843]",1407.0,295.0,2.5416577347606597
4.81672192722171,-75.685840529879,4.79794139834229,-75.6818900682762,"[4.8166783, -75.6859064]","[4.8162538, -75.68562779999999]",56.0,20.0,3.215391126066528
,,,,"[4.8162538, -75.68562779999999]","[4.816731, -75.68970999999999]",455.0,73.0,2.6786137694694148
,,,,"[4.816731, -75.68970999999999]","[4.8104523, -75.6904658]",703.0,180.0,0.5806742360116679
,,,,"[4.8104523, -75.6904658]","[4.8070303, -75.69083619999999]",385.0,92.0,0.24283600422249058
,,,,"[4.8070303, -75.69083619999999]","[4.805872, -75.691098]",134.0,32.0,2.413073822996595
,,,,"[4.805872, -75.691098]","[4.7990489, -75.68090049999999]",1703.0,322.0,4.579902246938895
4.820509705004941,-75.6958017160228,4.80371727705738,-75.6746688528833,"[4.8206985, -75.695745]","[4.8212179, -75.69793969999999]",250.0,81.0,0.10127080338658812
,,,,"[4.8212179, -75.69793969999999]","[4.8206106, -75.6981161]",70.0,23.0,3.1510178196020147
,,,,"[4.8206106, -75.6981161]","[4.8147399, -75.6835]",1867.0,246.0,1.0694833784229985
,,,,"[4.8147399, -75.6835]","[4.8127169, -75.67851069999999]",608.0,93.0,1.2903211051496322
,,,,"[4.8127169, -75.67851069999999]","[4.811937, -75.6777792]",119.0,21.0,1.7509098780607084
,,,,"[4.811937, -75.6777792]","[4.81021, -75.67956]",275.0,57.0,7.3530063225577615
,,,,"[4.81021, -75.67956]","[4.8094902, -75.6785635]",145.0,47.0,3.3901796125805306
,,,,"[4.8094902, -75.6785635]","[4.8095653, -75.67950069999999]",105.0,24.0,2.4376692397806394
,,,,"[4.8095653, -75.67950069999999]","[4.8081939, -75.6796513]",153.0,57.0,5.225926545969122
,,,,"[4.8081939, -75.6796513]","[4.8081439, -75.67837279999999]",142.0,37.0,1.0621811005520478
,,,,"[4.8081439, -75.67837279999999]","[4.8046089, -75.6762289]",487.0,103.0,3.6011121354165727
,,,,"[4.8046089, -75.6762289]","[4.8041417, -75.6749507]",159.0,39.0,4.859206082570066
4.817976215229081,-75.6997313072753,4.787827817868821,-75.6661595711689,"[4.817981, -75.6997695]","[4.8178887, -75.6997815]",10.0,3.0,3.58594805578883
,,,,"[4.8178887, -75.6997815]","[4.817989499999999, -75.7006129]",93.0,27.0,1.3721037411610115
,,,,"[4.817989499999999, -75.7006129]","[4.81884, -75.70053000000001]",95.0,30.0,5.36023713426797
,,,,"[4.81884, -75.70053000000001]","[4.817823, -75.68763899999999]",1444.0,224.0,0.4873003014387722
,,,,"[4.817823, -75.68763899999999]","[4.8147399, -75.6835]",600.0,74.0,1.0242768181586817
,,,,"[4.8147399, -75.6835]","[4.8127169, -75.67851069999999]",608.0,93.0,1.2903211051496322
,,,,"[4.8127169, -75.67851069999999]","[4.811937, -75.6777792]",119.0,21.0,1.7509098780607084
,,,,"[4.811937, -75.6777792]","[4.81021, -75.67956]",275.0,57.0,7.3530063225577615
,,,,"[4.81021, -75.67956]","[4.8077495, -75.6738659]",706.0,122.0,0.4220231390568992
,,,,"[4.8077495, -75.6738659]","[4.8032096, -75.66833319999999]",811.0,110.0,4.531886437478912
,,,,"[4.8032096, -75.66833319999999]","[4.802905, -75.668426]",35.0,9.0,4.157763846671647
,,,,"[4.802905, -75.668426]","[4.802201, -75.66699600000001]",177.0,44.0,2.7553060365287596
,,,,"[4.802201, -75.66699600000001]","[4.8000429, -75.667611]",252.0,60.0,2.0686986573631616
,,,,"[4.8000429, -75.667611]","[4.799696099999999, -75.6670594]",72.0,16.0,2.892802402049998
,,,,"[4.799696099999999, -75.6670594]","[4.7992629, -75.6672743]",54.0,14.0,5.734850717700163
,,,,"[4.7992629, -75.6672743]","[4.7951315, -75.6670536]",557.0,96.0,5.469126925237617
,,,,"[4.7951315, -75.6670536]","[4.79304, -75.66793]",255.0,34.0,5.995995893359485
,,,,"[4.79304, -75.66793]","[4.792511, -75.671223]",417.0,65.0,1.8285061373982148
,,,,"[4.792511, -75.671223]","[4.792504999999999, -75.6735039]",261.0,41.0,4.183753033748787
,,,,"[4.792504999999999, -75.6735039]","[4.789905, -75.67204330000001]",397.0,51.0,0.38695300498571816
,,,,"[4.789905, -75.67204330000001]","[4.7868549, -75.6667312]",810.0,209.0,3.341869696458963
4.821871099143,-75.69405433745091,4.80923974600928,-75.70067240784509,"[4.8221807, -75.6940849]","[4.8227082, -75.6912787]",321.0,103.0,3.3796844167057167
,,,,"[4.8227082, -75.6912787]","[4.823003, -75.688931]",277.0,68.0,0.4421229066537852
,,,,"[4.823003, -75.688931]","[4.8207308, -75.686493]",489.0,100.0,1.6030963778772351
,,,,"[4.8207308, -75.686493]","[4.814007999999999, -75.68744400000001]",856.0,103.0,0.8312144050722237
,,,,"[4.814007999999999, -75.68744400000001]","[4.8102524, -75.6923492]",863.0,98.0,1.3093343530377222
,,,,"[4.8102524, -75.6923492]","[4.8103944, -75.70034129999999]",902.0,216.0,0.9703585928982429
,,,,"[4.8103944, -75.70034129999999]","[4.811496, -75.70219399999999]",242.0,50.0,0.029754967540382198
,,,,"[4.811496, -75.70219399999999]","[4.810696, -75.702304]",90.0,47.0,2.481481925815677
,,,,"[4.810696, -75.702304]","[4.8103984, -75.70134279999999]",127.0,38.0,1.0327010370827412
,,,,"[4.8103984, -75.70134279999999]","[4.8099061, -75.7014332]",56.0,20.0,1.370782244760571
,,,,"[4.8099061, -75.7014332]","[4.8098584, -75.7009899]",49.0,22.0,1.7861495106643537
,,,,"[4.8098584, -75.7009899]","[4.8094161, -75.7008767]",59.0,24.0,6.839385448123929
,,,,"[4.8094161, -75.7008767]","[4.8093946, -75.70065679999999]",24.0,6.0,2.4182390967598972
4.818902930772549,-75.7093751755069,4.79220698865266,-75.68707289972551,"[4.8189705, -75.7093647]","[4.8189149, -75.70899790000001]",41.0,9.0,5.228429292166266
,,,,"[4.8189149, -75.70899790000001]","[4.8180916, -75.7090886]",92.0,26.0,7.280340159852923
,,,,"[4.8180916, -75.7090886]","[4.817889999999999, -75.70743]",185.0,40.0,4.009933873770502
,,,,"[4.817889999999999, -75.70743]","[4.8137131, -75.7078866]",467.0,163.0,0.07121396018074899
,,,,"[4.8137131, -75.7078866]","[4.8128337, -75.70037959999999]",838.0,149.0,0.8076239526189674
,,,,"[4.8128337, -75.70037959999999]","[4.8111219, -75.700566]",192.0,59.0,1.8121739558132484
,,,,"[4.8111219, -75.700566]","[4.8094032, -75.7002811]",201.0,26.0,2.3505323400027045
,,,,"[4.8094032, -75.7002811]","[4.805702999999999, -75.691228]",1206.0,133.0,1.0457317788565903
,,,,"[4.805702999999999, -75.691228]","[4.804917, -75.6912055]",91.0,17.0,2.4032401953295484
,,,,"[4.804917, -75.6912055]","[4.7948903, -75.69225349999999]",1124.0,214.0,2.5601157353653874
,,,,"[4.7948903, -75.69225349999999]","[4.7942885, -75.6919673]",76.0,12.0,4.462670778815809
,,,,"[4.7942885, -75.6919673]","[4.792322299999999, -75.6904047]",295.0,51.0,0.9745060448130978
,,,,"[4.792322299999999, -75.6904047]","[4.7905853, -75.6853783]",887.0,136.0,0.4107912204749483
,,,,"[4.7905853, -75.6853783]","[4.792103, -75.68568990000001]",173.0,48.0,6.47204974349608
4.810915828783201,-75.6976652030816,4.791748373293321,-75.68598375486229,"[4.8107943, -75.6976801]","[4.8109434, -75.6988674]",133.0,28.0,0.34100582203953417
,,,,"[4.8109434, -75.6988674]","[4.8084798, -75.6991713]",276.0,92.0,2.368879515600195
,,,,"[4.8084798, -75.6991713]","[4.805702999999999, -75.691228]",1029.0,102.0,1.1583290948994998
,,,,"[4.805702999999999, -75.691228]","[4.804917, -75.6912055]",91.0,17.0,2.4032401953295484
,,,,"[4.804917, -75.6912055]","[4.7948903, -75.69225349999999]",1124.0,214.0,2.5601157353653874
,,,,"[4.7948903, -75.69225349999999]","[4.7942885, -75.6919673]",76.0,12.0,4.462670778815809
,,,,"[4.7942885, -75.6919673]","[4.792322299999999, -75.6904047]",295.0,51.0,0.9745060448130978
,,,,"[4.792322299999999, -75.6904047]","[4.7905853, -75.6853783]",887.0,136.0,0.4107912204749483
,,,,"[4.7905853, -75.6853783]","[4.7918024, -75.6856761]",140.0,40.0,6.3630004448331725
4.8127388042437405,-75.6944960516615,4.80345237189023,-75.6725617724803,"[4.8127224, -75.6943905]","[4.8138394, -75.69426779999999]",125.0,50.0,4.5259169713167315
,,,,"[4.8138394, -75.69426779999999]","[4.813747, -75.693426]",94.0,42.0,1.595956368199237
,,,,"[4.813747, -75.693426]","[4.8120533, -75.6936305]",190.0,78.0,4.276248052643758
,,,,"[4.8120533, -75.6936305]","[4.811591099999999, -75.68943019999999]",468.0,163.0,0.9262488103249054
,,,,"[4.811591099999999, -75.68943019999999]","[4.8105074, -75.6802407]",1025.0,178.0,1.193844953320759
,,,,"[4.8105074, -75.6802407]","[4.8077495, -75.6738659]",782.0,126.0,0.5330756929429087
,,,,"[4.8077495, -75.6738659]","[4.8037584, -75.6690368]",712.0,94.0,4.28802579519608
,,,,"[4.8037584, -75.6690368]","[4.80431, -75.67147]",368.0,128.0,1.6117499264797281
4.81892506223687,-75.69107335364549,4.78820744297761,-75.66324540938841,"[4.818933599999999, -75.6911733]","[4.81776, -75.69129]",131.0,40.0,11.157205119260382
,,,,"[4.81776, -75.69129]","[4.817823, -75.68763899999999]",413.0,59.0,2.419988505592658
,,,,"[4.817823, -75.68763899999999]","[4.8147399, -75.6835]",600.0,74.0,1.0242768181586817
,,,,"[4.8147399, -75.6835]","[4.8127169, -75.67851069999999]",608.0,93.0,1.2903211051496322
,,,,"[4.8127169, -75.67851069999999]","[4.811937, -75.6777792]",119.0,21.0,1.7509098780607084
,,,,"[4.811937, -75.6777792]","[4.81021, -75.67956]",275.0,57.0,7.3530063225577615
,,,,"[4.81021, -75.67956]","[4.8077495, -75.6738659]",706.0,122.0,0.4220231390568992
,,,,"[4.8077495, -75.6738659]","[4.8032096, -75.66833319999999]",811.0,110.0,4.531886437478912
,,,,"[4.8032096, -75.66833319999999]","[4.802905, -75.668426]",35.0,9.0,4.157763846671647
,,,,"[4.802905, -75.668426]","[4.802201, -75.66699600000001]",177.0,44.0,2.7553060365287596
,,,,"[4.802201, -75.66699600000001]","[4.8000429, -75.667611]",252.0,60.0,2.0686986573631616
,,,,"[4.8000429, -75.667611]","[4.799696099999999, -75.6670594]",72.0,16.0,2.892802402049998
,,,,"[4.799696099999999, -75.6670594]","[4.7992629, -75.6672743]",54.0,14.0,5.734850717700163
,,,,"[4.7992629, -75.6672743]","[4.7901659, -75.6631457]",1363.0,284.0,2.494454947459899
4.8163290882095895,-75.69279800459259,4.81383692070888,-75.6841694674973,"[4.816225800000001, -75.69280979999999]","[4.8154823, -75.6864241]",712.0,170.0,0.8828683186128402
,,,,"[4.8154823, -75.6864241]","[4.816325099999999, -75.686336]",94.0,14.0,5.146660982007151
,,,,"[4.816325099999999, -75.686336]","[4.8161702, -75.6849189]",158.0,22.0,7.28265675086625
,,,,"[4.8161702, -75.6849189]","[4.8147399, -75.6835]",226.0,28.0,2.3479964554022845
,,,,"[4.8147399, -75.6835]","[4.814670599999999, -75.68652689999999]",378.0,54.0,4.672223127732928
,,,,"[4.814670599999999, -75.68652689999999]","[4.8143881, -75.6865765]",32.0,17.0,6.099880452986872
,,,,"[4.8143881, -75.6865765]","[4.8138293, -75.68417079999999]",274.0,43.0,1.275575711779937
4.8178878121338204,-75.69069422226391,4.809945314090362,-75.67895751043629,"[4.8179033, -75.6908442]","[4.8176961, -75.6908655]",23.0,6.0,13.585727221747328
,,,,"[4.8176961, -75.6908655]","[4.817823, -75.68763899999999]",365.0,50.0,2.788746064104139
,,,,"[4.817823, -75.68763899999999]","[4.8147399, -75.6835]",600.0,74.0,1.0242768181586817
,,,,"[4.8147399, -75.6835]","[4.8127169, -75.67851069999999]",608.0,93.0,1.2903211051496322
,,,,"[4.8127169, -75.67851069999999]","[4.8114758, -75.6773046]",192.0,40.0,2.059274552145869
,,,,"[4.8114758, -75.6773046]","[4.8099045, -75.6789203]",250.0,99.0,7.623399534416191
4.818093223106018,-75.69277316074971,4.81202241940218,-75.68217591396758,"[4.8179283, -75.6927877]","[4.817823, -75.68763899999999]",580.0,80.0,1.6114996438154217
,,,,"[4.817823, -75.68763899999999]","[4.8147399, -75.6835]",600.0,74.0,1.0242768181586817
,,,,"[4.8147399, -75.6835]","[4.814670599999999, -75.68652689999999]",378.0,54.0,4.672223127732928
,,,,"[4.814670599999999, -75.68652689999999]","[4.812955, -75.686729]",192.0,61.0,3.9139371177280906
,,,,"[4.812955, -75.686729]","[4.8124217, -75.68212559999999]",514.0,107.0,0.1442662066951069
4.816540659178741,-75.6903140474188,4.79432401758654,-75.6741813166521,"[4.816565, -75.6905754]","[4.817632, -75.6904217]",120.0,39.0,8.033228676687417
,,,,"[4.817632, -75.6904217]","[4.817823, -75.68763899999999]",316.0,46.0,3.0171781312604184
,,,,"[4.817823, -75.68763899999999]","[4.8147399, -75.6835]",600.0,74.0,1.0242768181586817
,,,,"[4.8147399, -75.6835]","[4.8127169, -75.67851069999999]",608.0,93.0,1.2903211051496322
,,,,"[4.8127169, -75.67851069999999]","[4.811937, -75.6777792]",119.0,21.0,1.7509098780607084
,,,,"[4.811937, -75.6777792]","[4.81021, -75.67956]",275.0,57.0,7.3530063225577615
,,,,"[4.81021, -75.67956]","[4.8077495, -75.6738659]",706.0,122.0,0.4220231390568992
,,,,"[4.8077495, -75.6738659]","[4.8032096, -75.66833319999999]",811.0,110.0,4.531886437478912
,,,,"[4.8032096, -75.66833319999999]","[4.802905, -75.668426]",35.0,9.0,4.157763846671647
,,,,"[4.802905, -75.668426]","[4.802201, -75.66699600000001]",177.0,44.0,2.7553060365287596
,,,,"[4.802201, -75.66699600000001]","[4.8000429, -75.667611]",252.0,60.0,2.0686986573631616
,,,,"[4.8000429, -75.667611]","[4.799696099999999, -75.6670594]",72.0,16.0,2.892802402049998
,,,,"[4.799696099999999, -75.6670594]","[4.7992629, -75.6672743]",54.0,14.0,5.734850717700163
,,,,"[4.7992629, -75.6672743]","[4.7951315, -75.6670536]",557.0,96.0,5.469126925237617
,,,,"[4.7951315, -75.6670536]","[4.79304, -75.66793]",255.0,34.0,5.995995893359485
,,,,"[4.79304, -75.66793]","[4.792511, -75.671223]",417.0,65.0,1.8285061373982148
,,,,"[4.792511, -75.671223]","[4.7939124, -75.6744604]",463.0,68.0,2.6199756481328844
,,,,"[4.7939124, -75.6744604]","[4.7943039, -75.6744734]",44.0,12.0,1.5469261132851742
4.81137092368008,-75.70054913608651,4.79996739943935,-75.6846815166053,"[4.811368499999999, -75.700531]","[4.8111219, -75.700566]",28.0,6.0,0.03864073631691348
,,,,"[4.8111219, -75.700566]","[4.8094032, -75.7002811]",201.0,26.0,2.3505323400027045
,,,,"[4.8094032, -75.7002811]","[4.805702999999999, -75.691228]",1206.0,133.0,1.0457317788565903
,,,,"[4.805702999999999, -75.691228]","[4.8038116, -75.6843074]",810.0,134.0,2.63367289032262
,,,,"[4.8038116, -75.6843074]","[4.80212, -75.68576]",248.0,63.0,3.6826485888266904
,,,,"[4.80212, -75.68576]","[4.8008257, -75.68431919999999]",219.0,47.0,4.314860833212596
,,,,"[4.8008257, -75.68431919999999]","[4.7999487, -75.6845946]",104.0,24.0,0.6852715092692183
4.81697356734458,-75.69133068497129,4.80896145088848,-75.6904807055781,"[4.8169773, -75.6913655]","[4.8160718, -75.69146479999999]",101.0,38.0,5.2042406325145585
,,,,"[4.8160718, -75.69146479999999]","[4.815877299999999, -75.6898108]",185.0,57.0,0.9189326095755536
,,,,"[4.815877299999999, -75.6898108]","[4.8104523, -75.6904658]",608.0,158.0,0.14043853405670298
,,,,"[4.8104523, -75.6904658]","[4.8089824, -75.6906561]",165.0,32.0,1.8092108956540993
4.81408731647266,-75.6975016826448,4.7996230613470985,-75.67649083881071,"[4.8141985, -75.6974872]","[4.8141094, -75.6968114]",76.0,25.0,1.1273128271252086
,,,,"[4.8141094, -75.6968114]","[4.8107333, -75.6971828]",378.0,113.0,3.59423099670015
,,,,"[4.8107333, -75.6971828]","[4.8109434, -75.6988674]",188.0,47.0,0.31617482348099496
,,,,"[4.8109434, -75.6988674]","[4.8084798, -75.6991713]",276.0,92.0,2.368879515600195
,,,,"[4.8084798, -75.6991713]","[4.805702999999999, -75.691228]",1029.0,102.0,1.1583290948994998
,,,,"[4.805702999999999, -75.691228]","[4.8038116, -75.6843074]",810.0,134.0,2.63367289032262
,,,,"[4.8038116, -75.6843074]","[4.8064528, -75.6819974]",390.0,81.0,3.195457071742472
,,,,"[4.8064528, -75.6819974]","[4.8082098, -75.6804916]",259.0,61.0,1.1147494535884581
,,,,"[4.8082098, -75.6804916]","[4.8081439, -75.67837279999999]",235.0,39.0,1.0895191261469193
,,,,"[4.8081439, -75.67837279999999]","[4.8008353, -75.67453909999999]",950.0,214.0,7.095268757336231
,,,,"[4.8008353, -75.67453909999999]","[4.7995056, -75.6762954]",269.0,80.0,5.999068516932904
4.8149412739918,-75.6907094583946,4.79262630016789,-75.6934843605691,"[4.8149443, -75.69074040000001]","[4.815964, -75.690631]",114.0,40.0,2.1738299375763694
,,,,"[4.815964, -75.690631]","[4.815877299999999, -75.6898108]",91.0,36.0,1.205023044469207
,,,,"[4.815877299999999, -75.6898108]","[4.8104523, -75.6904658]",608.0,158.0,0.14043853405670298
,,,,"[4.8104523, -75.6904658]","[4.7948903, -75.69225349999999]",1744.0,334.0,1.53035159307856
,,,,"[4.7948903, -75.69225349999999]","[4.7942885, -75.6919673]",76.0,12.0,4.462670778815809
,,,,"[4.7942885, -75.6919673]","[4.792668000000001, -75.6935785]",259.0,41.0,5.0066730170400255
4.812846084593692,-75.6918226760287,4.7952071615923,-75.6808446360073,"[4.8128493, -75.69184849999999]","[4.811879999999999, -75.69198]",109.0,45.0,3.6342398401583824
,,,,"[4.811879999999999, -75.69198]","[4.811591099999999, -75.68943019999999]",284.0,110.0,1.3048766193565289
,,,,"[4.811591099999999, -75.68943019999999]","[4.8109021, -75.6835744]",653.0,120.0,2.8077241537220736
,,,,"[4.8109021, -75.6835744]","[4.809203, -75.68376300000001]",190.0,46.0,0.4407212417443219
,,,,"[4.809203, -75.68376300000001]","[4.8087087, -75.6795929]",465.0,95.0,1.6713099828925444
,,,,"[4.8087087, -75.6795929]","[4.8081939, -75.6796513]",58.0,18.0,1.6458570545966145
,,,,"[4.8081939, -75.6796513]","[4.8081439, -75.67837279999999]",142.0,37.0,1.0621811005520478
,,,,"[4.8081439, -75.67837279999999]","[4.8008353, -75.67453909999999]",950.0,214.0,7.095268757336231
,,,,"[4.8008353, -75.67453909999999]","[4.7993983, -75.6763544]",283.0,84.0,5.827217177696804
,,,,"[4.7993983, -75.6763544]","[4.795814, -75.678923]",517.0,176.0,10.135297342237529
4.82177523828125,-75.6939961996773,4.79998415128358,-75.6816560878879,"[4.8221855, -75.69404]","[4.8227082, -75.6912787]",316.0,102.0,3.299619879591287
,,,,"[4.8227082, -75.6912787]","[4.823003, -75.688931]",277.0,68.0,0.4421229066537852
,,,,"[4.823003, -75.688931]","[4.8207308, -75.686493]",489.0,100.0,1.6030963778772351
,,,,"[4.8207308, -75.686493]","[4.814007999999999, -75.68744400000001]",856.0,103.0,0.8312144050722237
,,,,"[4.814007999999999, -75.68744400000001]","[4.8102524, -75.6923492]",863.0,98.0,1.3093343530377222
,,,,"[4.8102524, -75.6923492]","[4.8076815, -75.6933846]",527.0,80.0,2.04063191308378
,,,,"[4.8076815, -75.6933846]","[4.806249999999999, -75.69354299999999]",160.0,26.0,2.4629705115028515
,,,,"[4.806249999999999, -75.69354299999999]","[4.806313299999999, -75.69421779999999]",75.0,16.0,1.9734685965446876
,,,,"[4.806313299999999, -75.69421779999999]","[4.8064734, -75.6941878]",18.0,4.0,0.5008910495827467
,,,,"[4.8064734, -75.6941878]","[4.805702999999999, -75.691228]",384.0,39.0,2.845847595256751
,,,,"[4.805702999999999, -75.691228]","[4.7998958, -75.681013]",1581.0,290.0,4.61532153336648
4.81665159053194,-75.698996096272,4.8080543332726915,-75.6807632687584,"[4.816662099999999, -75.69909]","[4.81738, -75.69901999999999]",80.0,28.0,3.3216772845858036
,,,,"[4.81738, -75.69901999999999]","[4.81748, -75.69984000000001]",92.0,42.0,1.4756595341137986
,,,,"[4.81748, -75.69984000000001]","[4.8111219, -75.700566]",712.0,268.0,0.8206105520841478
,,,,"[4.8111219, -75.700566]","[4.8094032, -75.7002811]",201.0,26.0,2.3505323400027045
,,,,"[4.8094032, -75.7002811]","[4.805702999999999, -75.691228]",1206.0,133.0,1.0457317788565903
,,,,"[4.805702999999999, -75.691228]","[4.8038116, -75.6843074]",810.0,134.0,2.63367289032262
,,,,"[4.8038116, -75.6843074]","[4.8064528, -75.6819974]",390.0,81.0,3.195457071742472
,,,,"[4.8064528, -75.6819974]","[4.8080459, -75.6807556]",225.0,55.0,1.4452542256468168
4.82141646193951,-75.6917531059335,4.79126502916821,-75.666442496397,"[4.821904, -75.691369]","[4.822569, -75.691462]",75.0,18.0,8.875928346607285
,,,,"[4.822569, -75.691462]","[4.8227082, -75.6912787]",26.0,11.0,3.071809816616066
,,,,"[4.8227082, -75.6912787]","[4.823003, -75.688931]",277.0,68.0,0.4421229066537852
,,,,"[4.823003, -75.688931]","[4.8207308, -75.686493]",489.0,100.0,1.6030963778772351
,,,,"[4.8207308, -75.686493]","[4.814007999999999, -75.68744400000001]",856.0,103.0,0.8312144050722237
,,,,"[4.814007999999999, -75.68744400000001]","[4.8106455, -75.6888977]",418.0,45.0,0.5128546521369778
,,,,"[4.8106455, -75.6888977]","[4.8107593, -75.68953599999999]",72.0,15.0,2.478995377931288
,,,,"[4.8107593, -75.68953599999999]","[4.811591099999999, -75.68943019999999]",93.0,23.0,1.844441684941153
,,,,"[4.811591099999999, -75.68943019999999]","[4.8105074, -75.6802407]",1025.0,175.0,1.193844953320759
,,,,"[4.8105074, -75.6802407]","[4.8077495, -75.6738659]",782.0,126.0,0.5330756929429087
,,,,"[4.8077495, -75.6738659]","[4.8032096, -75.66833319999999]",811.0,110.0,4.531886437478912
,,,,"[4.8032096, -75.66833319999999]","[4.802905, -75.668426]",35.0,9.0,4.157763846671647
,,,,"[4.802905, -75.668426]","[4.802201, -75.66699600000001]",177.0,44.0,2.7553060365287596
,,,,"[4.802201, -75.66699600000001]","[4.8000429, -75.667611]",252.0,60.0,2.0686986573631616
,,,,"[4.8000429, -75.667611]","[4.799696099999999, -75.6670594]",72.0,16.0,2.892802402049998
,,,,"[4.799696099999999, -75.6670594]","[4.7992629, -75.6672743]",54.0,14.0,5.734850717700163
,,,,"[4.7992629, -75.6672743]","[4.793839999999999, -75.6657199]",764.0,140.0,3.615951182031866
,,,,"[4.793839999999999, -75.6657199]","[4.7914001, -75.6667231]",309.0,76.0,4.059164765989081
4.82013895147354,-75.69638493493309,4.79401715486112,-75.683849295358,"[4.8201784, -75.6963764]","[4.8162607, -75.68493169999999]",1431.0,181.0,0.9864339320199093
,,,,"[4.8162607, -75.68493169999999]","[4.816731, -75.68970999999999]",537.0,84.0,2.939604729904862
,,,,"[4.816731, -75.68970999999999]","[4.8104523, -75.6904658]",703.0,180.0,0.5806742360116679
,,,,"[4.8104523, -75.6904658]","[4.7948903, -75.69225349999999]",1744.0,334.0,1.53035159307856
,,,,"[4.7948903, -75.69225349999999]","[4.7942885, -75.6919673]",76.0,12.0,4.462670778815809
,,,,"[4.7942885, -75.6919673]","[4.792322299999999, -75.6904047]",295.0,51.0,0.9745060448130978
,,,,"[4.792322299999999, -75.6904047]","[4.7905853, -75.6853783]",887.0,136.0,0.4107912204749483
,,,,"[4.7905853, -75.6853783]","[4.7938638, -75.68582330000001]",374.0,112.0,3.70501089079307
4.81454432671256,-75.69249736374,4.80036332412017,-75.6783211549181,"[4.8145438, -75.69249549999999]","[4.8161699, -75.69232]",182.0,71.0,2.584798406728593
,,,,"[4.8161699, -75.69232]","[4.815877299999999, -75.6898108]",280.0,76.0,0.9115334249772079
,,,,"[4.815877299999999, -75.6898108]","[4.8104523, -75.6904658]",608.0,158.0,0.14043853405670298
,,,,"[4.8104523, -75.6904658]","[4.8088158, -75.6906766]",184.0,37.0,1.834292937657232
,,,,"[4.8088158, -75.6906766]","[4.8066635, -75.681825]",1062.0,257.0,2.6119714515148207
,,,,"[4.8066635, -75.681825]","[4.805924, -75.68151689999999]",99.0,23.0,7.808677950351161
,,,,"[4.805924, -75.68151689999999]","[4.8058691, -75.68049030000002]",120.0,22.0,1.2491821625213586
,,,,"[4.8058691, -75.68049030000002]","[4.800746, -75.67864]",1128.0,214.0,11.54960821119871
,,,,"[4.800746, -75.67864]","[4.8004947, -75.6786688]",28.0,12.0,9.02555216506707
4.811763636348349,-75.69519788576991,4.8087239293077095,-75.6861055491974,"[4.8117848, -75.6953597]","[4.811412, -75.695408]",42.0,11.0,3.536441562706432
,,,,"[4.811412, -75.695408]","[4.81124, -75.69373999999999]",186.0,69.0,0.11781903220835399
,,,,"[4.81124, -75.69373999999999]","[4.8083961, -75.6940619]",318.0,114.0,0.6926031599027431
,,,,"[4.8083961, -75.6940619]","[4.8083434, -75.69380799999999]",29.0,9.0,1.770790648124666
,,,,"[4.8083434, -75.69380799999999]","[4.809104, -75.69288279999999]",141.0,18.0,2.0764895465005506
,,,,"[4.809104, -75.69288279999999]","[4.809546099999999, -75.69266209999999]",55.0,6.0,1.0274953552265742
,,,,"[4.809546099999999, -75.69266209999999]","[4.8102513, -75.6921222]",100.0,12.0,0.34144487236624715
,,,,"[4.8102513, -75.6921222]","[4.809834899999999, -75.6893468]",333.0,37.0,1.6546361955981372
,,,,"[4.809834899999999, -75.6893468]","[4.8094096, -75.6854523]",434.0,91.0,2.87088450935194
,,,,"[4.8094096, -75.6854523]","[4.8086, -75.685535]",90.0,34.0,1.402429146417795
,,,,"[4.8086, -75.685535]","[4.8088215, -75.686065]",64.0,22.0,1.3333077046432251
4.8155202477248205,-75.6951346487437,4.7990667409474295,-75.6811301234584,"[4.815504, -75.69496079999999]","[4.8096708, -75.6956148]",653.0,232.0,1.499744041168872
,,,,"[4.8096708, -75.6956148]","[4.8102578, -75.6989474]",376.0,72.0,1.6474510859792386
,,,,"[4.8102578, -75.6989474]","[4.8084798, -75.6991713]",199.0,65.0,3.0288754322757683
,,,,"[4.8084798, -75.6991713]","[4.805702999999999, -75.691228]",1029.0,102.0,1.1583290948994998
,,,,"[4.805702999999999, -75.691228]","[4.799130799999999, -75.6809631]",1667.0,312.0,4.543848930931426
4.8182722453772495,-75.7041164424203,4.80881955710773,-75.6975267137873,"[4.818253599999999, -75.7039769]","[4.819206299999999, -75.7038797]",106.0,27.0,8.73227591342576
,,,,"[4.819206299999999, -75.7038797]","[4.818929499999999, -75.7013691]",280.0,52.0,3.5779559277793087
,,,,"[4.818929499999999, -75.7013691]","[4.810696, -75.702304]",921.0,312.0,0.4751725779131406
,,,,"[4.810696, -75.702304]","[4.808895, -75.69740469999999]",630.0,123.0,0.029300302692174273
,,,,"[4.808895, -75.69740469999999]","[4.8088029, -75.6974261]",11.0,4.0,3.8048389916557355
4.81341532954331,-75.69416054263709,4.7872843022713205,-75.67030408682321,"[4.8134289, -75.6943071]","[4.8138394, -75.69426779999999]",46.0,17.0,1.697971083051779
,,,,"[4.8138394, -75.69426779999999]","[4.813747, -75.693426]",94.0,42.0,1.595956368199237
,,,,"[4.813747, -75.693426]","[4.8120533, -75.6936305]",190.0,78.0,4.276248052643758
,,,,"[4.8120533, -75.6936305]","[4.811591099999999, -75.68943019999999]",468.0,163.0,0.9262488103249054
,,,,"[4.811591099999999, -75.68943019999999]","[4.8105074, -75.6802407]",1025.0,178.0,1.193844953320759
,,,,"[4.8105074, -75.6802407]","[4.8077495, -75.6738659]",782.0,126.0,0.5330756929429087
,,,,"[4.8077495, -75.6738659]","[4.8032096, -75.66833319999999]",811.0,110.0,4.531886437478912
,,,,"[4.8032096, -75.66833319999999]","[4.802905, -75.668426]",35.0,9.0,4.157763846671647
,,,,"[4.802905, -75.668426]","[4.802201, -75.66699600000001]",177.0,44.0,2.7553060365287596
,,,,"[4.802201, -75.66699600000001]","[4.8000429, -75.667611]",252.0,60.0,2.0686986573631616
,,,,"[4.8000429, -75.667611]","[4.799696099999999, -75.6670594]",72.0,16.0,2.892802402049998
,,,,"[4.799696099999999, -75.6670594]","[4.7992629, -75.6672743]",54.0,14.0,5.734850717700163
,,,,"[4.7992629, -75.6672743]","[4.7951315, -75.6670536]",557.0,96.0,5.469126925237617
,,,,"[4.7951315, -75.6670536]","[4.79304, -75.66793]",255.0,34.0,5.995995893359485
,,,,"[4.79304, -75.66793]","[4.792511, -75.671223]",417.0,65.0,1.8285061373982148
,,,,"[4.792511, -75.671223]","[4.792504999999999, -75.6735039]",261.0,41.0,4.183753033748787
,,,,"[4.792504999999999, -75.6735039]","[4.789905, -75.67204330000001]",397.0,51.0,0.38695300498571816
,,,,"[4.789905, -75.67204330000001]","[4.7877861, -75.6696071]",398.0,103.0,4.777590009363547
4.819779451602121,-75.69330909051929,4.80786782876984,-75.692791860982,"[4.819675999999999, -75.6933203]","[4.8196061, -75.6927581]",63.0,14.0,1.1971942396833308
,,,,"[4.8196061, -75.6927581]","[4.817945, -75.692976]",186.0,61.0,8.125005362219703
,,,,"[4.817945, -75.692976]","[4.81776, -75.69129]",188.0,34.0,0.25432102178520577
,,,,"[4.81776, -75.69129]","[4.8160718, -75.69146479999999]",189.0,68.0,6.800929901301585
,,,,"[4.8160718, -75.69146479999999]","[4.815877299999999, -75.6898108]",185.0,57.0,0.9189326095755536
,,,,"[4.815877299999999, -75.6898108]","[4.8104523, -75.6904658]",608.0,158.0,0.14043853405670298
,,,,"[4.8104523, -75.6904658]","[4.807405999999999, -75.6907909]",342.0,82.0,0.2495659425584567
,,,,"[4.807405999999999, -75.6907909]","[4.807589999999999, -75.69277]",220.0,67.0,3.4679181469972225
,,,,"[4.807589999999999, -75.69277]","[4.8078455, -75.69270089999999]",29.0,28.0,5.887499240578656
4.811883786534,-75.6909220387725,4.80699741272684,-75.6852694331035,"[4.8117508, -75.6909379]","[4.811672, -75.6902719]",74.0,22.0,1.144965494248691
,,,,"[4.811672, -75.6902719]","[4.8104523, -75.6904658]",137.0,29.0,2.74830630593907
,,,,"[4.8104523, -75.6904658]","[4.8088158, -75.6906766]",184.0,37.0,1.834292937657232
,,,,"[4.8088158, -75.6906766]","[4.8068711, -75.6853781]",652.0,151.0,3.0328072156634165
4.818024417279322,-75.69761157952821,4.80755209327534,-75.66922300857449,"[4.817982, -75.69723800000001]","[4.818459499999999, -75.6971841]",53.0,13.0,5.409080929954871
,,,,"[4.818459499999999, -75.6971841]","[4.817823, -75.68763899999999]",1071.0,162.0,0.8707415749815172
,,,,"[4.817823, -75.68763899999999]","[4.8147399, -75.6835]",600.0,74.0,1.0242768181586817
,,,,"[4.8147399, -75.6835]","[4.8127169, -75.67851069999999]",608.0,93.0,1.2903211051496322
,,,,"[4.8127169, -75.67851069999999]","[4.811937, -75.6777792]",119.0,21.0,1.7509098780607084
,,,,"[4.811937, -75.6777792]","[4.81021, -75.67956]",275.0,57.0,7.3530063225577615
,,,,"[4.81021, -75.67956]","[4.8073368, -75.6693872]",1212.0,217.0,0.9452782463161599
4.81866024023033,-75.7140365587457,4.78649624291803,-75.6740121498093,"[4.8186197, -75.7141764]","[4.818393299999999, -75.7140978]",27.0,8.0,12.552643587678276
,,,,"[4.818393299999999, -75.7140978]","[4.8147399, -75.6835]",3833.0,503.0,0.8337148703528993
,,,,"[4.8147399, -75.6835]","[4.8127169, -75.67851069999999]",608.0,93.0,1.2903211051496322
,,,,"[4.8127169, -75.67851069999999]","[4.811937, -75.6777792]",119.0,21.0,1.7509098780607084
,,,,"[4.811937, -75.6777792]","[4.81021, -75.67956]",275.0,57.0,7.3530063225577615
,,,,"[4.81021, -75.67956]","[4.8077495, -75.6738659]",706.0,122.0,0.4220231390568992
,,,,"[4.8077495, -75.6738659]","[4.8032096, -75.66833319999999]",811.0,110.0,4.531886437478912
,,,,"[4.8032096, -75.66833319999999]","[4.802905, -75.668426]",35.0,9.0,4.157763846671647
,,,,"[4.802905, -75.668426]","[4.802201, -75.66699600000001]",177.0,44.0,2.7553060365287596
,,,,"[4.802201, -75.66699600000001]","[4.8000429, -75.667611]",252.0,60.0,2.0686986573631616
,,,,"[4.8000429, -75.667611]","[4.799696099999999, -75.6670594]",72.0,16.0,2.892802402049998
,,,,"[4.799696099999999, -75.6670594]","[4.7992629, -75.6672743]",54.0,14.0,5.734850717700163
,,,,"[4.7992629, -75.6672743]","[4.7951315, -75.6670536]",557.0,96.0,5.469126925237617
,,,,"[4.7951315, -75.6670536]","[4.79304, -75.66793]",255.0,34.0,5.995995893359485
,,,,"[4.79304, -75.66793]","[4.792511, -75.671223]",417.0,65.0,1.8285061373982148
,,,,"[4.792511, -75.671223]","[4.792504999999999, -75.6735039]",261.0,41.0,4.183753033748787
,,,,"[4.792504999999999, -75.6735039]","[4.789905, -75.67204330000001]",397.0,51.0,0.38695300498571816
,,,,"[4.789905, -75.67204330000001]","[4.787461, -75.67266049999999]",615.0,123.0,5.0568770961253255
4.81760774798335,-75.70136024070891,4.80527900648028,-75.67448605147649,"[4.8176333, -75.70135719999999]","[4.817558099999999, -75.7006686]",77.0,15.0,0.7867924310306441
,,,,"[4.817558099999999, -75.7006686]","[4.81884, -75.70053000000001]",143.0,57.0,4.870552950425641
,,,,"[4.81884, -75.70053000000001]","[4.817823, -75.68763899999999]",1444.0,224.0,0.4873003014387722
,,,,"[4.817823, -75.68763899999999]","[4.8147399, -75.6835]",600.0,74.0,1.0242768181586817
,,,,"[4.8147399, -75.6835]","[4.8127169, -75.67851069999999]",608.0,93.0,1.2903211051496322
,,,,"[4.8127169, -75.67851069999999]","[4.811937, -75.6777792]",119.0,21.0,1.7509098780607084
,,,,"[4.811937, -75.6777792]","[4.81021, -75.67956]",275.0,57.0,7.3530063225577615
,,,,"[4.81021, -75.67956]","[4.8094902, -75.6785635]",145.0,47.0,3.3901796125805306
,,,,"[4.8094902, -75.6785635]","[4.8095653, -75.67950069999999]",105.0,24.0,2.4376692397806394
,,,,"[4.8095653, -75.67950069999999]","[4.8081939, -75.6796513]",153.0,57.0,5.225926545969122
,,,,"[4.8081939, -75.6796513]","[4.8081439, -75.67837279999999]",142.0,37.0,1.0621811005520478
,,,,"[4.8081439, -75.67837279999999]","[4.8046089, -75.6762289]",487.0,103.0,3.6011121354165727
,,,,"[4.8046089, -75.6762289]","[4.8053024, -75.6745889]",304.0,72.0,0.967514990995528
4.813749018192518,-75.70472887804729,4.8150945718410485,-75.6842268002001,"[4.8137544, -75.7047284]","[4.8137294, -75.7044907]",26.0,6.0,0.9429704046171183
,,,,"[4.8137294, -75.7044907]","[4.819206299999999, -75.7038797]",613.0,202.0,1.6240696446924403
,,,,"[4.819206299999999, -75.7038797]","[4.817823, -75.68763899999999]",1817.0,286.0,0.1496785462835069
,,,,"[4.817823, -75.68763899999999]","[4.8152304, -75.6841026]",513.0,64.0,0.8290757180964186
4.81398161204352,-75.68875183338821,4.80273706446383,-75.67604023011971,"[4.814039999999999, -75.6887465]","[4.814184000000001, -75.69002390000001]",142.0,50.0,0.7051592281809311
,,,,"[4.814184000000001, -75.69002390000001]","[4.8104523, -75.6904658]",418.0,101.0,1.4289919783196543
,,,,"[4.8104523, -75.6904658]","[4.8088158, -75.6906766]",184.0,37.0,1.834292937657232
,,,,"[4.8088158, -75.6906766]","[4.8064528, -75.6819974]",1032.0,251.0,2.5954846654736996
,,,,"[4.8064528, -75.6819974]","[4.8082098, -75.6804916]",259.0,60.0,1.1147494535884581
,,,,"[4.8082098, -75.6804916]","[4.8081439, -75.67837279999999]",235.0,39.0,1.0895191261469193
,,,,"[4.8081439, -75.67837279999999]","[4.8030892, -75.6754298]",678.0,149.0,4.647063338378757
4.81424098222579,-75.6958216389449,4.80332118097376,-75.6927255026859,"[4.8142558, -75.695944]","[4.8165694, -75.69570759999999]",259.0,102.0,3.3192821492085383
,,,,"[4.8165694, -75.69570759999999]","[4.815877299999999, -75.6898108]",658.0,206.0,0.25224099427631674
,,,,"[4.815877299999999, -75.6898108]","[4.8104523, -75.6904658]",608.0,158.0,0.14043853405670298
,,,,"[4.8104523, -75.6904658]","[4.802408499999999, -75.6913635]",902.0,156.0,0.370643888278032
,,,,"[4.802408499999999, -75.6913635]","[4.8021672, -75.691998]",84.0,15.0,1.7794759794895436
,,,,"[4.8021672, -75.691998]","[4.803026, -75.693799]",247.0,48.0,2.1571511542102035
,,,,"[4.803026, -75.693799]","[4.8031012, -75.6927773]",114.0,26.0,2.3283573438778666
4.81323912791385,-75.6930651037803,4.8020101956115,-75.68257116295399,"[4.813291299999999, -75.69348339999999]","[4.8120533, -75.6936305]",139.0,57.0,4.637606891222643
,,,,"[4.8120533, -75.6936305]","[4.811672, -75.6902719]",375.0,119.0,0.8789604627679516
,,,,"[4.811672, -75.6902719]","[4.8104523, -75.6904658]",137.0,29.0,2.74830630593907
,,,,"[4.8104523, -75.6904658]","[4.8070303, -75.69083619999999]",385.0,92.0,0.24283600422249058
,,,,"[4.8070303, -75.69083619999999]","[4.805872, -75.691098]",134.0,32.0,2.413073822996595
,,,,"[4.805872, -75.691098]","[4.8038116, -75.6843074]",835.0,141.0,2.6572268952471316
,,,,"[4.8038116, -75.6843074]","[4.8031929, -75.68479959999999]",88.0,34.0,3.154032781218999
,,,,"[4.8031929, -75.68479959999999]","[4.8021265, -75.6839455]",153.0,36.0,0.28711214783907635
4.812707681897058,-75.69266888714621,4.7987919112344,-75.6914427551145,"[4.8127112, -75.6926977]","[4.81278, -75.69269]",8.0,3.0,3.681137293096016
,,,,"[4.81278, -75.69269]","[4.8128692, -75.6935366]",94.0,40.0,1.7939752572080883
,,,,"[4.8128692, -75.6935366]","[4.8120533, -75.6936305]",91.0,38.0,4.786295469656418
,,,,"[4.8120533, -75.6936305]","[4.811672, -75.6902719]",375.0,119.0,0.8789604627679516
,,,,"[4.811672, -75.6902719]","[4.8104523, -75.6904658]",137.0,29.0,2.74830630593907
,,,,"[4.8104523, -75.6904658]","[4.7988218, -75.691796]",1304.0,234.0,1.284090825027277
4.81702601360886,-75.6919577839155,4.80884612297178,-75.6888134178333,"[4.8170019, -75.6919612]","[4.81712, -75.69306499999999]",123.0,36.0,0.4102359864833223
,,,,"[4.81712, -75.69306499999999]","[4.8162644, -75.6931512]",96.0,45.0,6.643384999985751
,,,,"[4.8162644, -75.6931512]","[4.815877299999999, -75.6898108]",373.0,114.0,0.6112085777959063
,,,,"[4.815877299999999, -75.6898108]","[4.8104523, -75.6904658]",608.0,158.0,0.14043853405670298
,,,,"[4.8104523, -75.6904658]","[4.8078537, -75.69073039999999]",292.0,64.0,0.9759301239292183
,,,,"[4.8078537, -75.69073039999999]","[4.80772, -75.68903999999999]",188.0,58.0,2.445408919051047
,,,,"[4.80772, -75.68903999999999]","[4.8088583, -75.68891239999999]",127.0,49.0,0.4656767879673565
4.8182145819153215,-75.7076407424767,4.80475881168966,-75.69343741767551,"[4.8183524, -75.7076263]","[4.818326, -75.70737720000001]",28.0,8.0,2.694467664728786
,,,,"[4.818326, -75.70737720000001]","[4.8137131, -75.7078866]",516.0,180.0,0.7121325921319057
,,,,"[4.8137131, -75.7078866]","[4.8128337, -75.70037959999999]",838.0,149.0,0.8076239526189674
,,,,"[4.8128337, -75.70037959999999]","[4.8111219, -75.700566]",192.0,59.0,1.8121739558132484
,,,,"[4.8111219, -75.700566]","[4.8094032, -75.7002811]",201.0,26.0,2.3505323400027045
,,,,"[4.8094032, -75.7002811]","[4.805702999999999, -75.691228]",1206.0,133.0,1.0457317788565903
,,,,"[4.805702999999999, -75.691228]","[4.804917, -75.6912055]",91.0,17.0,2.4032401953295484
,,,,"[4.804917, -75.6912055]","[4.802408499999999, -75.6913635]",282.0,36.0,0.4578537435198727
,,,,"[4.802408499999999, -75.6913635]","[4.8021672, -75.691998]",84.0,15.0,1.7794759794895436
,,,,"[4.8021672, -75.691998]","[4.803026, -75.693799]",247.0,48.0,2.1571511542102035
,,,,"[4.803026, -75.693799]","[4.8039276, -75.6937021]",101.0,19.0,6.142934344048914
,,,,"[4.8039276, -75.6937021]","[4.804777, -75.69361409999999]",95.0,11.0,1.370261687720227
4.81771774270753,-75.69281204916429,4.81115352616516,-75.677140448525,"[4.817530500000001, -75.69283279999999]","[4.8174578, -75.6921709]",74.0,16.0,0.8124993441322232
,,,,"[4.8174578, -75.6921709]","[4.81787, -75.69213]",46.0,32.0,7.721477640247387
,,,,"[4.81787, -75.69213]","[4.817823, -75.68763899999999]",507.0,76.0,1.8184595243106552
,,,,"[4.817823, -75.68763899999999]","[4.8147399, -75.6835]",600.0,74.0,1.0242768181586817
,,,,"[4.8147399, -75.6835]","[4.8127169, -75.67851069999999]",608.0,93.0,1.2903211051496322
,,,,"[4.8127169, -75.67851069999999]","[4.811228799999999, -75.67706299999999]",231.0,51.0,2.195832851752588
